{"name":"8f1bc661-950b-461e-b2dc-9703b9d6d320","id":"/providers/Microsoft.Flow/flows/8f1bc661-950b-461e-b2dc-9703b9d6d320","type":"Microsoft.Flow/flows","properties":{"apiId":"/providers/Microsoft.PowerApps/apis/shared_logicflows","displayName":"[SPO] HTTP REQUEST PAGINATION","definition":{"metadata":{"workflowEntityId":null,"processAdvisorMetadata":null,"flowclientsuspensionreason":"None","flowclientsuspensiontime":null,"creator":{"id":"c0212cc2-4a4a-47e4-875d-024128f72761","type":"User","tenantId":"031575ca-8236-42b4-8d65-9b1c73f79800"},"provisioningMethod":"FromDefinition","failureAlertSubscription":true,"clientLastModifiedTime":"2021-09-17T23:14:48.8812078Z"},"$schema":"https://schema.management.azure.com/providers/Microsoft.Logic/schemas/2016-06-01/workflowdefinition.json#","contentVersion":"1.0.0.0","parameters":{"$connections":{"defaultValue":{},"type":"Object"},"$authentication":{"defaultValue":{},"type":"SecureObject"}},"triggers":{"manual":{"type":"Request","kind":"Button","inputs":{"schema":{"type":"object","properties":{"text":{"title":"siteAdress","type":"string","x-ms-dynamically-added":true,"description":"Enter site URL","x-ms-content-hint":"TEXT"},"text_1":{"title":"listName","type":"string","x-ms-dynamically-added":true,"description":"Enter List name","x-ms-content-hint":"TEXT"},"text_2":{"title":"ODataQuery","type":"string","x-ms-dynamically-added":true,"description":"Use ODATA Query to filter (ex.: Title eq 'Test')","x-ms-content-hint":"TEXT"},"text_3":{"title":"Field Select","type":"string","x-ms-dynamically-added":true,"description":"Use comma to separate fields (eg Title, Date, Created)","x-ms-content-hint":"TEXT"}},"required":["text","text_1"]}}}},"actions":{"totalDeThreads":{"runAfter":{"SCOPE_GET_MIN_AND_MAX_ITEM_ID_LIST":["Succeeded"]},"type":"InitializeVariable","inputs":{"variables":[{"name":"totalDeThreads","type":"integer","value":"@div(body('getMaiorID')?['value'][0]['ID'], 5000)"}]}},"result":{"runAfter":{"totalDeThreads":["Succeeded"]},"type":"InitializeVariable","inputs":{"variables":[{"name":"result","type":"array","value":[]}]}},"contador":{"runAfter":{"result":["Succeeded"]},"type":"InitializeVariable","inputs":{"variables":[{"name":"contador","type":"integer","value":0}]}},"SCOPE_GET_MIN_AND_MAX_ITEM_ID_LIST":{"actions":{"getMenorID":{"runAfter":{},"type":"OpenApiConnection","inputs":{"host":{"apiId":"/providers/Microsoft.PowerApps/apis/shared_sharepointonline","connectionName":"shared_sharepointonline","operationId":"HttpRequest"},"parameters":{"dataset":"@triggerBody()['text']","parameters/method":"GET","parameters/uri":"_api/Web/Lists/GetByTitle('@{triggerBody()['text_1']}')/Items?$select=ID&$top=1&$filter=ID gt 0&$orderby=ID asc","parameters/headers":{"accept":"application/json; odata=nometadata"}},"authentication":{"value":"@json(decodeBase64(triggerOutputs().headers['X-MS-APIM-Tokens']))['$ConnectionKey']","type":"Raw"}}},"getMaiorID":{"runAfter":{"getMenorID":["Succeeded"]},"type":"OpenApiConnection","inputs":{"host":{"apiId":"/providers/Microsoft.PowerApps/apis/shared_sharepointonline","connectionName":"shared_sharepointonline","operationId":"HttpRequest"},"parameters":{"dataset":"@triggerBody()['text']","parameters/method":"GET","parameters/uri":"_api/Web/Lists/GetByTitle('@{triggerBody()['text_1']}')/Items?$select=ID&$filter=ID gt 0&top=1&$orderby=ID desc","parameters/headers":{"accept":"application/json; odata=nometadata"}},"authentication":{"value":"@json(decodeBase64(triggerOutputs().headers['X-MS-APIM-Tokens']))['$ConnectionKey']","type":"Raw"}}}},"runAfter":{},"type":"Scope"},"SCOPE_REQUEST_LOOP_PAGINATION":{"actions":{"loop":{"actions":{"menorID":{"runAfter":{},"type":"Compose","inputs":"@add(1,mul(5000,variables('contador')))"},"maiorID":{"runAfter":{"menorID":["Succeeded"]},"type":"Compose","inputs":"@mul(5000,add(variables('contador'),1))"},"querySharepoint":{"runAfter":{"maiorID":["Succeeded"]},"type":"OpenApiConnection","inputs":{"host":{"apiId":"/providers/Microsoft.PowerApps/apis/shared_sharepointonline","connectionName":"shared_sharepointonline","operationId":"HttpRequest"},"parameters":{"dataset":"@triggerBody()['text']","parameters/method":"GET","parameters/uri":"_api/Web/Lists/GetByTitle('@{triggerBody()['text_1']}')/Items?$select=Id,Title@{if(empty(triggerBody()?['text_3']),'', concat(' ,',triggerBody()?['text_3']))\r\n\r\n}&$filter=ID ge @{outputs('menorID')} and ID le @{outputs('maiorID')}@{if(empty(triggerBody()?['text_2']),'', concat(' and ',triggerBody()?['text_2']))}&$orderby=ID asc&$top=5000","parameters/headers":{"accept":"application/json; odata=nometadata","Accept-Encoding":"deflate, gzip"}},"authentication":{"value":"@json(decodeBase64(triggerOutputs().headers['X-MS-APIM-Tokens']))['$ConnectionKey']","type":"Raw"}}},"Increment_variable":{"runAfter":{"querySharepoint":["Succeeded"]},"type":"IncrementVariable","inputs":{"name":"contador","value":1}},"concatenarResultados":{"runAfter":{"Increment_variable":["Succeeded"]},"type":"Compose","inputs":"@union(variables('result'),body('querySharepoint')?['value'])"},"Set_variable_2":{"runAfter":{"concatenarResultados":["Succeeded"]},"type":"SetVariable","inputs":{"name":"result","value":"@outputs('concatenarResultados')"}}},"runAfter":{},"expression":"@greater(variables('contador'), variables('totalDeThreads'))","limit":{"count":60,"timeout":"PT1H"},"type":"Until"}},"runAfter":{"contador":["Succeeded"]},"type":"Scope","description":"This scope runs the paging loop, where it divides the results into steps of 5000 items (eg if there are 10,000 rows, the loop will run 2 times, etc.)"},"SCOPE_RESULT":{"actions":{"tamanhoArray":{"runAfter":{},"type":"Compose","inputs":"@length(variables('result'))"},"Map":{"runAfter":{"tamanhoArray":["Succeeded"]},"type":"Select","inputs":{"from":"@variables('result')","select":{"ID":"@item()?['ID']","Title":"@item()?['Title']"}}}},"runAfter":{"SCOPE_REQUEST_LOOP_PAGINATION":["Succeeded"]},"type":"Scope","description":"Use this scope for result capture and data manipulation"}}},"connectionReferences":{"shared_sharepointonline":{"connectionName":"shared-sharepointonl-31f7dae3-addc-48f4-8522-9254-cde8f4c7","source":"Invoker","id":"/providers/Microsoft.PowerApps/apis/shared_sharepointonline","tier":"NotSpecified"}},"flowFailureAlertSubscribed":false}}